{
    "TP": 29,
    "FN": 1,
    "FP": 7,
    "TN": 13,
    "total_predictions": 50,
    "accuracy": 0.84,
    "precision": 0.8055555555555556,
    "recall": 0.9666666666666667,
    "f1_score": 0.8787878787878789,
    "specificity": 0.9666666666666667,
    "num_test_samples_processed": 50
}